{
    "站名": "子子影视", 
    "主页url": "https://www.ziziys.com", 
    "免嗅": "1", 
    "二次截取": "1&&-1+module-item-cover", 
    "数组": "module-item-pic&&module-item-cover", 
    "副标题": "class=\"module-item-text\">&&</div", 
    "导演": "导演：&&</div", 
    "主演": "主演：&&</div", 
    "简介": "<p>&&</p>", 
    "线路数组": "class=\"module-tab-item tab-item&&</div>", 
    "线路标题": "<span>&&</small>[替换:</span><small>>>👉]+集♥", 
    "播放标题": "<span>&&</span>", 
    "播放数组": "class=\"module-blocklist scroll-box&&</div>", 
    "搜索url": "https://www.ziziys.com/vsearch/{wd}--.html", 
    "搜索模式": "1", 
    "搜索二次截取": "class=\"module-items&&id=\"footer", 
    "搜索数组": "<h3><a&&</h3", 
    "搜索图片": "data-src=\"&&\"", 
    "搜索标题": "title=\"&&\"", 
    "搜索链接": "href=\"&&\"", 
    "搜索链接前缀": "https://www.ziziys.com", 
    "分类": "最新推荐$17#动作片$6#剧情片$7#喜剧片$8#爱情片$9#惊悚片$10#奇幻片$11#悬疑片$12#动漫片$23#恐怖片$24#日韩剧$15#国漫$20#日漫$21#欧美动漫$22#国产剧$13#美剧$14#日韩剧$15", 
    "分类url": "https://www.ziziys.com/list/{cateId}-{catePg}.html;;val", 
    "跳转播放链接": "vod_class*url\":\"&&\""
}
