{
	"站名": "来米影视",
        "主页url": "https://www.laimi.me",
        "副标题": "class=\"module-item-text\">&&</div",
        "导演": "导演：&&</div",
        "主演": "主演：&&</div",
        "简介": "<p>&&</p>",
        "线路数组": "class=\"module-tab-item tab-item&&</div>",
        "线路标题": "<span>&&</small>",
        "播放标题": "<span>&&</span>",
        "搜索url": "/rss.xml?wd={wd}",
        "搜索模式": "1",
        "搜索二次截取": "class=\"module-items&&id=\"footer",
        "搜索数组": "<h3><a&&</h3",
        "搜索图片": "data-src=\"&&\"",
        "搜索标题": "title=\"&&\"",
        "搜索链接": "href=\"&&\"",
        "请求头": "User-Agent$Mozilla/5.0 (iPhone; CPU iPhone OS 15_2 like Mac OS X) AppleWebKit/605.1.15 (KHTML, like Gecko) Version/14.0 Mobile/15E148 Safari/604.1",
        "搜索链接前缀": "https://www.laimi.me/",
        "分类": "电影$1#电视剧$2#动漫$3#综艺$4#少儿$5",
        "分类url": "https://www.laimi.me/vodshow/{cateId}-{area}-------{catePg}---{year}.html;;u0v",
        "跳转播放链接": "https://data.m3u8.in/?url=+link_pre*url\":\"&&\"+&from=+\"from\"*\"&&\"",
        "二次跳转播放链接": "https://data.m3u8.in/api.php?url=+const Url*\"&&\"+&sign=+const Sign*\"&&\"+&form=+const From*\"&&\"",
        "三次跳转播放链接": "\"url\"*\"&&\""
}